<?xml version="1.0" encoding="utf-8" standalone="no"?>
<CProIntegrity>
	<catalog name="[DiskHash]">		<entry name="._samples.jar">
			<Algid>00008021</Algid>
			<Path>./samples.jar</Path>
			<Tag>0040E5D1AC063A89B2B903AC293471DBB5C105AF9C3325B2B8CCB2EBB10449C7</Tag>
		</entry>
		<entry name="._javadoc_CAdES-javadoc.jar">
			<Algid>00008021</Algid>
			<Path>./javadoc/CAdES-javadoc.jar</Path>
			<Tag>0E466412BCA3DC085ACD96AC7C7DBBE68C238A92953E0E547D6A9DFDDB1854B3</Tag>
		</entry>
		<entry name="._javadoc_Rutoken-javadoc.jar">
			<Algid>00008021</Algid>
			<Path>./javadoc/Rutoken-javadoc.jar</Path>
			<Tag>374E8C3E8D6AC891552BEA367C42B7D929A453673AF5BF4424748A1F8C649906</Tag>
		</entry>
		<entry name="._javadoc_JCPRevCheck-javadoc.jar">
			<Algid>00008021</Algid>
			<Path>./javadoc/JCPRevCheck-javadoc.jar</Path>
			<Tag>BE04AEB44E66BE0FDA14DC9BDA5518F6BBD9DB6548A548551911800982767051</Tag>
		</entry>
		<entry name="._javadoc_cpSSL-javadoc.jar">
			<Algid>00008021</Algid>
			<Path>./javadoc/cpSSL-javadoc.jar</Path>
			<Tag>C9A7405277A3680756CC465058829AC8E22F6DFD9E06AA64423C839A57EE68F5</Tag>
		</entry>
		<entry name="._javadoc_XAdES-javadoc.jar">
			<Algid>00008021</Algid>
			<Path>./javadoc/XAdES-javadoc.jar</Path>
			<Tag>39D37C5EB73BDFE7260F113E1A4B835424B39F2333EA41B5F6EEA06487283481</Tag>
		</entry>
		<entry name="._javadoc_XMLDSigRI-javadoc.jar">
			<Algid>00008021</Algid>
			<Path>./javadoc/XMLDSigRI-javadoc.jar</Path>
			<Tag>1B43553A1069E04F43F1A80584DADB93CFF6893FFEB59C8B169CE2ABECFC50A3</Tag>
		</entry>
		<entry name="._javadoc_J6Oscar-javadoc.jar">
			<Algid>00008021</Algid>
			<Path>./javadoc/J6Oscar-javadoc.jar</Path>
			<Tag>E890B56D0A8096DF0553D63160BAF7DD7704BE449859DB26B276878E85457805</Tag>
		</entry>
		<entry name="._javadoc_J6CF-javadoc.jar">
			<Algid>00008021</Algid>
			<Path>./javadoc/J6CF-javadoc.jar</Path>
			<Tag>748941BF4BB4F45D5EACF8DFCA8FE469D47BC8B3EC5A5837DF545D2E44B92F81</Tag>
		</entry>
		<entry name="._javadoc_JCP-javadoc.jar">
			<Algid>00008021</Algid>
			<Path>./javadoc/JCP-javadoc.jar</Path>
			<Tag>04FF540C167A8676BE89B82A7F09E4A9611A30C4D96820BC8F31C27712C0F709</Tag>
		</entry>
		<entry name="._javadoc_JCryptoP-javadoc.jar">
			<Algid>00008021</Algid>
			<Path>./javadoc/JCryptoP-javadoc.jar</Path>
			<Tag>827FBABA805419B80F426F84B65EFA593D8910ACA12D0EAAE1DA23FF94165A65</Tag>
		</entry>
		<entry name="._javadoc_JCPinst-javadoc.jar">
			<Algid>00008021</Algid>
			<Path>./javadoc/JCPinst-javadoc.jar</Path>
			<Tag>1F65EE05DF00CFC194724E2E8429A21E338C0E9BB226DB0766A209DE50EF8B72</Tag>
		</entry>
		<entry name="._javadoc_JCPxml-javadoc.jar">
			<Algid>00008021</Algid>
			<Path>./javadoc/JCPxml-javadoc.jar</Path>
			<Tag>5AB64AB350900E713300A91409CEB5B23AC50F7CC5987758C752DD63BCF20583</Tag>
		</entry>
		<entry name="._javadoc_JCPRequest-javadoc.jar">
			<Algid>00008021</Algid>
			<Path>./javadoc/JCPRequest-javadoc.jar</Path>
			<Tag>D07407E93C6AB28881155A66A0AC792C83B4C8E0EDA5A712202D14C4486F4F41</Tag>
		</entry>
		<entry name="._cpverify.exe">
			<Algid>00008021</Algid>
			<Path>./cpverify.exe</Path>
			<Tag>30AA2260226F3DD3AD6926DDAA3D1C153FE90E0EBDE9FC1078D6DA8DBD9F88BC</Tag>
		</entry>
		<entry name="._J6Oscar.jar">
			<Algid>00008021</Algid>
			<Path>./J6Oscar.jar</Path>
			<Tag>4928190B78ECEF7F9308AF19681A7D44BB7942C311F6F3775752D3E466C72C91</Tag>
		</entry>
		<entry name="._setup_console.bat">
			<Algid>00008021</Algid>
			<Path>./setup_console.bat</Path>
			<Tag>8D77A94FDE0C8C3C0C6FB3573090475FEF045B84C3D8835C778D57F36B64F10D</Tag>
		</entry>
		<entry name="._JCPRevTools.jar">
			<Algid>00008021</Algid>
			<Path>./JCPRevTools.jar</Path>
			<Tag>460CF90F491CB726C5FC6CEB965612E4B2FD813A06A3A064DE94B34F4BA9587F</Tag>
		</entry>
		<entry name="._JCPRevCheck.jar">
			<Algid>00008021</Algid>
			<Path>./JCPRevCheck.jar</Path>
			<Tag>151C2EA67C42E2338FA3453994BF47CC72772C9B60A5015670F2C61B4EE9ECD7</Tag>
		</entry>
		<entry name="._ControlPane.bat">
			<Algid>00008021</Algid>
			<Path>./ControlPane.bat</Path>
			<Tag>EA1DAF6D2D8B0D791099BC900193E76BD9ACE28F27D5813C97825FDB3BDA5495</Tag>
		</entry>
		<entry name="._setup_gui.sh">
			<Algid>00008021</Algid>
			<Path>./setup_gui.sh</Path>
			<Tag>A8867F4CB12B3935E3CB7DD7140A63EF7D9AD6D376B4BDB1B202DD61FB3AB76A</Tag>
		</entry>
		<entry name="._samples-sources.jar">
			<Algid>00008021</Algid>
			<Path>./samples-sources.jar</Path>
			<Tag>E99CC549B31C4A341E9193A7FF934DAA29D8500198D3B294D7A58D62AA8E9144</Tag>
		</entry>
		<entry name="._Doc_docker_jcsp_Dockerfile">
			<Algid>00008021</Algid>
			<Path>./Doc/docker/jcsp/Dockerfile</Path>
			<Tag>4A8FCE22985C89D5BB421F05347BFE150D5C7C0CE2DCE1AFB0EF0BE099CC7D49</Tag>
		</entry>
		<entry name="._Doc_docker_jcp_Dockerfile">
			<Algid>00008021</Algid>
			<Path>./Doc/docker/jcp/Dockerfile</Path>
			<Tag>692E97B976F719F4420B1C86D2AA7967530B95DD0C480D4C02B5020D317697D7</Tag>
		</entry>
		<entry name="._Doc_JCP_ЖТЯИ.00091-03 90 02. Руководство администратора безопасности. Виртуальные среды.pdf">
			<Algid>00008021</Algid>
			<Path>./Doc/JCP/ЖТЯИ.00091-03 90 02. Руководство администратора безопасности. Виртуальные среды.pdf</Path>
			<Tag>CBC606735A01245462DC6DE76E78109428DC9B230E8D430B895D2D33F552B692</Tag>
		</entry>
		<entry name="._Doc_JCP_ЖТЯИ.00091-03 33 03. Руководство программиста. JavaTLS.pdf">
			<Algid>00008021</Algid>
			<Path>./Doc/JCP/ЖТЯИ.00091-03 33 03. Руководство программиста. JavaTLS.pdf</Path>
			<Tag>23E8A35883B120EEE2D397434F730E8590B0337FA365C8DB95F1ED929A34ACE4</Tag>
		</entry>
		<entry name="._Doc_JCP_ЖТЯИ.00091-03 30 01. Формуляр.pdf">
			<Algid>00008021</Algid>
			<Path>./Doc/JCP/ЖТЯИ.00091-03 30 01. Формуляр.pdf</Path>
			<Tag>C7B1FFA574AA0A639BBEE73D70ABD9FB415D9464E80139FE9BD7A294D684D502</Tag>
		</entry>
		<entry name="._Doc_JCP_ЖТЯИ.00091-03 90 01. Руководство администратора безопасности.pdf">
			<Algid>00008021</Algid>
			<Path>./Doc/JCP/ЖТЯИ.00091-03 90 01. Руководство администратора безопасности.pdf</Path>
			<Tag>DFB0CAE7D47BA0A056D8280901492783C320E95316355D26445C892B201DA2E7</Tag>
		</entry>
		<entry name="._Doc_JCP_ЖТЯИ.00091-03 92 01. Правила пользования.pdf">
			<Algid>00008021</Algid>
			<Path>./Doc/JCP/ЖТЯИ.00091-03 92 01. Правила пользования.pdf</Path>
			<Tag>B084596D94F56480394A2FFCB8379E4952AC1F8D308978EA1B9499C224C72670</Tag>
		</entry>
		<entry name="._Doc_JCP_ЖТЯИ.00091-03 33 01. Руководство программиста.pdf">
			<Algid>00008021</Algid>
			<Path>./Doc/JCP/ЖТЯИ.00091-03 33 01. Руководство программиста.pdf</Path>
			<Tag>384709F5B0E6A1E4C2BA09B9D0C96CDF690C9A25BD49867DB07B0993F65B8823</Tag>
		</entry>
		<entry name="._Doc_JCP_ЖТЯИ.00091-03 91 01. Инструкция по использованию.pdf">
			<Algid>00008021</Algid>
			<Path>./Doc/JCP/ЖТЯИ.00091-03 91 01. Инструкция по использованию.pdf</Path>
			<Tag>E8A4D49F9DD577C1FE21C352639C45FB4B636E01DAF729C768901758C3EBCFE4</Tag>
		</entry>
		<entry name="._Doc_JCP_ЖТЯИ.00091-03 94 01. Описание реализации.pdf">
			<Algid>00008021</Algid>
			<Path>./Doc/JCP/ЖТЯИ.00091-03 94 01. Описание реализации.pdf</Path>
			<Tag>AEC5454EF047C2FBBEDA320EB926E633754A0FF32256A23713FA7370AFF859E0</Tag>
		</entry>
		<entry name="._Doc_JCP_ЖТЯИ.00091-03 91 02. Инструкция по использованию. JavaTLS.pdf">
			<Algid>00008021</Algid>
			<Path>./Doc/JCP/ЖТЯИ.00091-03 91 02. Инструкция по использованию. JavaTLS.pdf</Path>
			<Tag>B66C67A89D887C93675466958640535885A021C33D1BFA34C83D6B41D9633919</Tag>
		</entry>
		<entry name="._Doc_JCP_ЖТЯИ.00091-03 33 02. Руководство программиста. Модули шифрования.pdf">
			<Algid>00008021</Algid>
			<Path>./Doc/JCP/ЖТЯИ.00091-03 33 02. Руководство программиста. Модули шифрования.pdf</Path>
			<Tag>0C738DF4950DA514650FC1AF19B8DD65B27BB104166084164E448F91A9C0AFF3</Tag>
		</entry>
		<entry name="._Doc_itextpdf_5.5.5_itextpdf_patched-5.5.5.jar">
			<Algid>00008021</Algid>
			<Path>./Doc/itextpdf/5.5.5/itextpdf_patched-5.5.5.jar</Path>
			<Tag>FDED29FB7BAD26D7D62CF779C095C7052C6CE36D3B39ECD4971CE27882C1520B</Tag>
		</entry>
		<entry name="._Doc_itextpdf_5.1.3_itextpdf_patched-5.1.3.jar">
			<Algid>00008021</Algid>
			<Path>./Doc/itextpdf/5.1.3/itextpdf_patched-5.1.3.jar</Path>
			<Tag>4ED0FB569BA08D2908C497C0A428439BC0D8882C7B0D77A40FED8DA859D34AFD</Tag>
		</entry>
		<entry name="._Doc_itextpdf_5.5.5-2_itextpdf_patched-5.5.5-2.jar">
			<Algid>00008021</Algid>
			<Path>./Doc/itextpdf/5.5.5-2/itextpdf_patched-5.5.5-2.jar</Path>
			<Tag>E8AFC761EDA9B81D555F46C6460001BB561FF213553B1B3293EC735E92DEC127</Tag>
		</entry>
		<entry name="._Doc_LicenseLoader.pdf">
			<Algid>00008021</Algid>
			<Path>./Doc/LicenseLoader.pdf</Path>
			<Tag>3FC350C66F6553B225A5F98E621D4BC1F5EDD1BEAAC6DEDF7B24DDFD967E0DF4</Tag>
		</entry>
		<entry name="._JCP.jar">
			<Algid>00008021</Algid>
			<Path>./JCP.jar</Path>
			<Tag>3CEF557411C1040F86D6397A7C41ED2E66CD6EAB82D70162294B08B6235A88EB</Tag>
		</entry>
		<entry name="._setup_console.sh">
			<Algid>00008021</Algid>
			<Path>./setup_console.sh</Path>
			<Tag>7498D90E6C58DF34503A84A705499142C19FBB7CB8D987CA945D6B12A0C08B4C</Tag>
		</entry>
		<entry name="._JCPinst.jar">
			<Algid>00008021</Algid>
			<Path>./JCPinst.jar</Path>
			<Tag>7ECA4CB7A1C4F43556F59FB2D4BDBAC53179E823F4207504B6BB76C0B76067AC</Tag>
		</entry>
		<entry name="._forms_rt.jar">
			<Algid>00008021</Algid>
			<Path>./forms_rt.jar</Path>
			<Tag>86D8F8003AB5C59B2428C7B0605AD3B0D54E82246E831645D35B6EC1E35B9176</Tag>
		</entry>
		<entry name="._J6CF.jar">
			<Algid>00008021</Algid>
			<Path>./J6CF.jar</Path>
			<Tag>A95729B23B52613735D9B2E402C400277E10EA03E4F7E5920C5DCB181EA6D087</Tag>
		</entry>
		<entry name="._asn1rt.jar">
			<Algid>00008021</Algid>
			<Path>./asn1rt.jar</Path>
			<Tag>8B665734C8963FC61F1DC1C949B28D8C778343062E1743D6EC1EC834F70C9E82</Tag>
		</entry>
		<entry name="._JCPinstGUI.jar">
			<Algid>00008021</Algid>
			<Path>./JCPinstGUI.jar</Path>
			<Tag>DD1BDE90CF63D42CACA43D662AA781067BCBD687AB6ABE1CDC9126933AD3D6A5</Tag>
		</entry>
		<entry name="._Rutoken.jar">
			<Algid>00008021</Algid>
			<Path>./Rutoken.jar</Path>
			<Tag>BAD85FB1CC8292354CDE3EE91409CE64C0D971E36B95F9DF8E8972E772392086</Tag>
		</entry>
		<entry name="._ControlPane.sh">
			<Algid>00008021</Algid>
			<Path>./ControlPane.sh</Path>
			<Tag>E35E3DCA38F6B686805D67894504355986E5903970CFE01EC75C78F496F99F4F</Tag>
		</entry>
		<entry name="._cpSSL.jar">
			<Algid>00008021</Algid>
			<Path>./cpSSL.jar</Path>
			<Tag>D880746ABC019BC0FB74D61C504419631CB2CFE8818777C952B85434E4E781B1</Tag>
		</entry>
		<entry name="._JCPRequest.jar">
			<Algid>00008021</Algid>
			<Path>./JCPRequest.jar</Path>
			<Tag>0CC88A4249B2883091801CF6E6CEEA22504F8BE1B98F3B9F879C938C2F24BC7E</Tag>
		</entry>
		<entry name="._ASN1P.jar">
			<Algid>00008021</Algid>
			<Path>./ASN1P.jar</Path>
			<Tag>9E32C7890A97FAD9761888D1F87708AFCCE87D9DF4AA7CFCC528C4C7C6D2C84E</Tag>
		</entry>
		<entry name="._JCPxml.jar">
			<Algid>00008021</Algid>
			<Path>./JCPxml.jar</Path>
			<Tag>51665D172267603642B8136E7EB701472183E12084FD6D6185878B367CA06540</Tag>
		</entry>
		<entry name="._JCPControlPane.jar">
			<Algid>00008021</Algid>
			<Path>./JCPControlPane.jar</Path>
			<Tag>21F54502838E62466DAA0E03511DDFFB668F7D88F671EE4382BA50A5A1CA44E8</Tag>
		</entry>
		<entry name="._CAdES.jar">
			<Algid>00008021</Algid>
			<Path>./CAdES.jar</Path>
			<Tag>43D0CE6B97457E449D0BC099AFB882C7F83744903F273784CBBBB5DF5C449E0C</Tag>
		</entry>
		<entry name="._cmsutil.jar">
			<Algid>00008021</Algid>
			<Path>./cmsutil.jar</Path>
			<Tag>7800FA0222A8C9A5308828362F13BD9A31814C4152D7DBDE2E8F991BE9E6C363</Tag>
		</entry>
		<entry name="._tls_proxy.jar">
			<Algid>00008021</Algid>
			<Path>./tls_proxy.jar</Path>
			<Tag>E44FBB37649AC1B633CD8F2EE23F3B93EA862B86467B9897B3FFCA9F8BD1BA6E</Tag>
		</entry>
		<entry name="._XMLDSigRI.jar">
			<Algid>00008021</Algid>
			<Path>./XMLDSigRI.jar</Path>
			<Tag>2FCAE7E33340E92B640784BE9EC50D4482FC6A98EE97331EB04ADFF440E2C95D</Tag>
		</entry>
		<entry name="._setup.exe">
			<Algid>00008021</Algid>
			<Path>./setup.exe</Path>
			<Tag>32B40ABADEF74E6145B48706BBE389C00B0B3EE1734D2E7163A85731FCC42487</Tag>
		</entry>
		<entry name="._JCryptoP.jar">
			<Algid>00008021</Algid>
			<Path>./JCryptoP.jar</Path>
			<Tag>FC431A87937ACA35AFD04A25FC3F692A410731EE0C0E5FFD50D6A493514DBA80</Tag>
		</entry>
		<entry name="._XAdES.jar">
			<Algid>00008021</Algid>
			<Path>./XAdES.jar</Path>
			<Tag>898E2C8D7AA53A96CBE8A7CF34941B6E6DB3938775B7A086E06B7FFD0BE075B6</Tag>
		</entry>
		<entry name="._AdES-core.jar">
			<Algid>00008021</Algid>
			<Path>./AdES-core.jar</Path>
			<Tag>DCB88073E9A986EC9DB3AC68B6A9FF0519A56854E1581B1E4F4BE3E4911615BC</Tag>
		</entry>
	</catalog>
</CProIntegrity>